{
    "metrics": {
        "mse": 44103.553596888036,
        "rmse": 210.00846077453173,
        "mae": 120.78756379092556,
        "r2": 0.9631931464788192
    },
    "feature_importance": {
        "is_rush_hour": 0.34104007042168627,
        "hour": 0.2788021539589483,
        "hum": 0.08094109766255861,
        "day_of_week": 0.0730320437111572,
        "is_weekend": 0.06807541252458278,
        "t1": 0.03797279988783414,
        "t2": 0.037445024188781074,
        "day_of_year": 0.01883476047557983,
        "is_holiday": 0.01646367875274113,
        "weather_7.0": 0.012458890165162344,
        "is_morning": 0.010074044023587567,
        "is_evening": 0.008611169721401546,
        "season_3.0": 0.005147320916741384,
        "temp_hum": 0.003322509152000429,
        "wind_speed": 0.0023389120104184893,
        "temp_wind": 0.0023355885670547755,
        "weather_1.0": 0.0013429254728273047,
        "season_2.0": 0.0006379707964234743,
        "month": 0.0003322940568884871,
        "weather_4.0": 0.00017123203941593786,
        "weather_10.0": 0.00014949893559286043,
        "weather_3.0": 0.0001442042280362184,
        "season_1.0": 0.00012815468863855382,
        "season_0.0": 0.00010316440979906402,
        "weather_2.0": 8.312602240241913e-05,
        "weather_26.0": 1.1953209739932039e-05
    }
}